Date,Time,Filename,Location,CountTotal,CountMoths,NonMothOrders,MothFamilies,NeedOrderFamilyData,Manually checked on original photo by Mark?,Notes
08/06/26,02-09-06-temp,wearySponge_2026-08-07T02-09-06-06-00,Tirimbina,4,1,,,N,Y,Claimed by Ruby
8/6/2026,03-32-06,wearySponge_2026-08-07T03-32-06-06-00.jpg,Tirimbina,9,6,,,Y,,Big guy and the 3 bigger brown moths claimed by Dion
08/06/26,05-06-06,wearySponge_2026-08-07T03-05-06-06-00.jpg,Tirimbina,5,2,,,N,,Claimed by Dion
08/06/26,21-05-06,wearySponge_2026-08-07T04-21-05-06-00.jpg,Tirimbina,,,,,N,,Claimed by Dion
8/6/2026,21-14-06,,Tirimbina,2,0,,,N,Y,
8/6/2026,21-22-06,,Tirimbina,3,1,,Geometridae (Epimecsis),N,Y,
8/6/2026,21-35-06,,Tirimbina,5,2,,Geometridae,N,Y,BECCA claims the lower left corner moth
8/6/2026,27-06-06,wearySponge_2026-08-07T04-27-06-06-00.jpg,Tirimbina,1,1,,Crambidae,N,,Claimed by Dion
8/6/2026,30-06-06,wearySponge_2026-08-07T04-30-06-06-00.jpg,Tirimbina,2,2,,Crambidae,N,,Both moths claimed by Dion
8/6/2026,31-06-06,wearySponge_2026-08-07T03-31-06-06-00.jpg,Tirimbina,8,5,,,N,,
8/7/2026,00-45-20,wearySponge_2026-08-07T00-45-20-06-00,Tirimbina,5,1,Coleoptera,Geometridae,Y,,
8/7/2026,01-44-06,wearySponge_2026-08-08T01-44-06-06-00,Tirimbina,6,2,,,N,,Middle Moth Claimed by Ruby
8/7/2026,03-45-20,wearySponge_2026-08-07T03-45-20-06-00,Tirimbina,8,5,Coleoptera,"Saturniidae, Geometridae, Erebidae",Y,,
8/7/2026,22-06-06,wearySponge_2026-08-08T04-22-06-06-00,Tirimbina,4,1,,,N,,Claimed by Dion
8/8/2026,00-45-20,wearySponge_2026-08-08T00-45-20-06-00,Tirimbina,5,1,Coleoptera,Crambidae,Y,,
8/8/2026,03-45-06,wearySponge_2026-08-08T03-45-21-06-00,Tirimbina,3,1,Coleoptera,Crambidae,Y,,
8/10/2026,01-23-06,wearySponge_2026-08-11T03-01-23-06-00,San Luis,3,1,,,N,,Claimed by Dion
8/10/2026,14-06-06,wearySponge_2026-08-11T03-14-06-06-00,San Luis,2,1,,,N,,Claimed by Dion
8/10/2026,21-01-23,,San Luis,0,0,,,N,,
8/10/2026,21-02-06,,San Luis,0,0,,,N,,
8/10/2026,21-03-05,,San Luis,0,0,,,N,,
8/10/2026,21-04-06,,San Luis,0,0,,,N,,
8/10/2026,21-05-06,,San Luis,1,1,,,N,,Lower left moth claimed by Mark F.
8/10/2026,21-06-06,,San Luis,0,0,,,N,,
8/10/2026,21-07-06,,San Luis,0,0,,,N,,
8/10/2026,21-08-06,,San Luis,0,0,,,N,,
8/10/2026,21-09-06,,San Luis,0,0,,,N,,
8/10/2026,21-10-06,,San Luis,0,0,,,N,,
8/10/2026,21-11-06,,San Luis,0,0,,,N,,
8/10/2026,21-12-20,,San Luis,2,0,,,N,,
8/10/2026,21-13-06,,San Luis,1,0,,,N,,
8/10/2026,21-14-06,,San Luis,1,0,,,N,,
8/10/2026,21-15-05,,San Luis,1,0,,,N,,
8/10/2026,21-16-06,,San Luis,1,0,,,N,,
8/10/2026,21-17-06,,San Luis,0,0,,,N,,
8/10/2026,21-18-06,,San Luis,4,0,,,N,,
8/10/2026,21-19-06,,San Luis,2,0,,,N,,
8/10/2026,21-20-06,,San Luis,2,0,,,N,,
8/10/2026,21-21-06,,San Luis,1,0,,,N,,
8/10/2026,21-22-06,,San Luis,2,0,,,N,,
8/10/2026,21-23-20,,San Luis,3,0,,,N,,
8/10/2026,21-24-06,,San Luis,0,0,,,N,,
8/10/2026,21-25-05,,San Luis,1,0,,,N,,
8/10/2026,21-26-06,,San Luis,1,0,,,N,,Claimed: Grace
8/10/2026,21-27-06,,San Luis,0,0,,,N,,
8/10/2026,21-28-06,,San Luis,3,0,,,N,,
8/10/2026,21-29-06,,San Luis,0,0,,,N,,
8/10/2026,21-30-06,,San Luis,3,0,,,N,,
8/10/2026,21-31-06,,San Luis,3,0,,,N,,
8/10/2026,21-32-06,,San Luis,1,0,,,N,,
8/10/2026,21-33-06,,San Luis,1,0,,,N,,
8/10/2026,21-34-20,,San Luis,2,0,,,N,,
8/10/2026,21-35-06,,San Luis,3,0,,,N,,
8/10/2026,21-36-06,,San Luis,4,0,,,N,,
8/10/2026,21-37-06,,San Luis,3,0,,,N,,
8/10/2026,21-38-06,,San Luis,2,0,,,N,,
8/10/2026,21-39-06,,San Luis,4,0,,,N,,
8/10/2026,21-40-06,,San Luis,2,0,,,N,,
8/10/2026,21-41-06,,San Luis,1,0,,,N,,
8/10/2026,21-42-06,,San Luis,2,0,,,N,,
8/10/2026,21-43-06,,San Luis,4,0,,,N,,
8/10/2026,21-44-06,,San Luis,2,0,,,N,,
8/10/2026,21-45-06,,San Luis,1,0,,,N,,
8/10/2026,21-45-21,,San Luis,1,need to check,,,N,,
8/10/2026,22-43-06,,San Luis,1,1,,Crambidae,N,,Robbie
8/10/2026,00-45-20,wearySponge_2026-08-10T00-45-20-06-00,San Luis,6,1,Diptera,Notodontidae (? Hard to see),,,
8/10/2026,03-45-20,wearySponge_2026-08-10T03-45-20-06-00,San Luis,15,1,Diptera,Depressariidae,,,
8/11/2026,00-40-20,,San Luis,5,1,,,Y,,
8/11/2026,00-45-20,wearySponge_2026-08-11T00-45-20-06-00,San Luis,3,0,"Orthoptera, Coleoptera, Hymenoptera",,,,
8/11/2026,01-01-23,,San Luis,4,0,,,N,,
8/11/2026,01-02-06,,San Luis,3,0,,,N,,
8/11/2026,01-03-06,,San Luis,2,0,,,N,,
8/11/2026,01-04-06,,San Luis,3,0,,,N,,
8/11/2026,01-05-06,,San Luis,3,0,,,N,,
8/11/2026,01-06-06,,San Luis,2,0,,,N,,
8/11/2026,01-07-06,,San Luis,2,0,,,N,,
8/11/2026,01-08-06,,San Luis,2,0,,,N,,
8/11/2026,01-09-06,,San Luis,2,0,,,N,,
8/11/2026,01-10-06,,San Luis,5,1,,Unkown (crambid/pyralid?),N,,
8/11/2026,01-11-06,,San Luis,3,0,,,N,,
8/11/2026,01-12-20,,San Luis,4,0,,,N,,
8/11/2026,01-13-06,,San Luis,2,0,,,N,,
8/11/2026,01-14-06,,San Luis,2,0,,,N,,
8/11/2026,01-15-06,,San Luis,2,0,,,N,,
8/11/2026,01-16-06,,San Luis,2,0,,,N,,
8/11/2026,01-17-06,,San Luis,2,0,,,N,,
8/11/2026,01-18-06,,San Luis,4,0,,,N,,
8/11/2026,01-19-06,,San Luis,3,0,,,N,,
8/11/2026,01-20-07,,San Luis,1,0,,,N,,
8/11/2026,01-21-06,,San Luis,1,0,,,N,,
8/11/2026,01-22-06,,San Luis,3,0,,,N,,
8/11/2026,01-23-20,,San Luis,2,0,,,N,,
8/11/2026,01-24-06,,San Luis,1,0,,,N,,
8/11/2026,01-25-06,,San Luis,2,0,,,N,,
8/11/2026,01-26-06,,San Luis,3,0,,,N,,
8/11/2026,01-27-06,,San Luis,2,0,,,N,,becca claims the tiny itty bitty little baby guy in the left corner
8/11/2026,01-28-06,,San Luis,2,0,,,N,,
8/11/2026,01-29-06,,San Luis,4,0,,,N,,
8/11/2026,01-30-06,,San Luis,1,0,,,N,,
8/11/2026,01-31-06,,San Luis,1,0,,,N,,
8/11/2026,01-32-06,,San Luis,4,0,,,N,,
8/11/2026,01-33-06,,San Luis,3,0,,,N,,
8/11/2026,01-34-21,,San Luis,2,0,Hymenoptera,,N,Y,
8/11/2026,01-35-06,,San Luis,3,0,"Hymenoptera, Coleoptera",,N,Y,
8/11/2026,01-36-06,,San Luis,3,0,"Diptera, Hymenoptera, Coleoptera",,N,Y,
8/11/2026,01-37-06,,San Luis,4,0,"Diptera, Hymenoptera, Coleoptera",,N,Y,
8/11/2026,01-38-06,,San Luis,3,0,Diptera,,N,Y,
8/11/2026,01-39-06,,San Luis,3,0,Diptera,,N,Y,
8/11/2026,01-40-06,,San Luis,1,0,Hymenoptera,,N,Y,
8/11/2026,01-40-20,,San Luis,1,0,,,N,,
8/11/2026,01-41-06,,San Luis,3,1,Diptera,Geometridae,N,Y,
8/11/2026,01-42-06,,San Luis,3,0,"Diptera, Hymenoptera",,N,Y,
8/11/2026,01-43-06,,San Luis,0,0,,,N,Y,
8/11/2026,01-44-06,,San Luis,1,0,Diptera,,N,Y,
8/11/2026,01-45-20,,San Luis,3,0,"Diptera, Coleoptera",,N,Y,
8/11/2026,02-20-06,,San Luis,2,1,,,N,Y,Claimed by Robbie
8/11/2026,02-37-06,,San Luis,5,1,,,N,Y,Claimed by Robbie
8/11/2026,02-40-20,,San Luis,4,0,,,N,,
8/11/2026,03-01-23,,San Luis,2,1,Hymenoptera,Erebidae,N,Y,
8/11/2026,03-02-06,,San Luis,1,0,,,Y,Y,
8/11/2026,03-03-06,,San Luis,1,0,,,Y,Y,
8/11/2026,03-04-06,,San Luis,1,0,,,Y,Y,
8/11/2026,03-05-06,,San Luis,1,0,,,Y,Y,
8/11/2026,03-06-06,,San Luis,2,0,,,Y,Y,
8/11/2026,03-07-06,,San Luis,4,2,,,Y,Y,
8/11/2026,03-08-06,,San Luis,3,2,,,Y,Y,
8/11/2026,03-09-06,,San Luis,1,0,,,Y,Y,
8/11/2026,03-10-06,,San Luis,2,0,,,Y,Y,
8/11/2026,03-11-06,,San Luis,1,1,,,Y,Y,
8/11/2026,03-12-20,,San Luis,2,1,,,Y,Y,
8/11/2026,03-13-06,,San Luis,3,2,,,Y,Y,
8/11/2026,03-14-06,,San Luis,1,1,,,Y,Y,
8/11/2026,03-15-06,,San Luis,0,0,,,Y,Y,
8/11/2026,03-16-06,,San Luis,2,0,,,Y,Y,
8/11/2026,03-17-06,,San Luis,0,0,,,Y,Y,
8/11/2026,03-18-06,,San Luis,1,0,,,Y,Y,
8/11/2026,03-19-06,,San Luis,1,0,,,Y,Y,
8/11/2026,03-20-06,,San Luis,1,0,,,Y,Y,
8/11/2026,03-21-05,,San Luis,2,0,,,Y,Y,
8/11/2026,03-22-06,,San Luis,2,0,,,Y,Y,
8/11/2026,03-23-20,,San Luis,1,0,,,Y,Y,
8/11/2026,03-24-06,,San Luis,1,0,,,Y,Y,
8/11/2026,03-25-06,,San Luis,1,0,,,Y,Y,
8/11/2026,03-26-06,,San Luis,3,0,,,Y,Y,
8/11/2026,03-27-06,,San Luis,3,0,,,Y,Y,
8/11/2026,03-28-06,,San Luis,2,0,,,Y,Y,
8/11/2026,03-29-06,,San Luis,2,0,,,Y,Y,
8/11/2026,03-30-06,,San Luis,3,0,,,Y,Y,
8/11/2026,03-31-06,,San Luis,4,1,,,Y,Y,
8/11/2026,03-32-07,,San Luis,2,0,,,Y,Y,
8/11/2026,03-33-06,,San Luis,4,2,,,Y,Y,
8/11/2026,03-34-20,,San Luis,3,1,,,Y,Y,
8/11/2026,03-35-06,,San Luis,4,1,,,Y,Y,
8/11/2026,03-36-06,,San Luis,4,1,,,Y,Y,
8/11/2026,03-37-06,,San Luis,5,1,,,Y,Y,
8/11/2026,03-38-06,,San Luis,4,1,,,Y,Y,
8/11/2026,03-39-05,,San Luis,5,1,,,Y,Y,
8/11/2026,03-40-20,,San Luis,3,0,,,Y,,
8/11/2026,03-41-06,,San Luis,4,1,,,Y,Y,
8/11/2026,03-42-06,,San Luis,4,1,,,Y,Y,
8/11/2026,03-43-06,,San Luis,4,1,,,Y,Y,
8/11/2026,03-44-06,,San Luis,4,1,,,Y,Y,
8/11/2026,03-45-20,,San Luis,5,1,"Diptera, Hemiptera",Geometridae (maybe?),Y,Y,
8/11/2026,04-40-20,,San Luis,3,0,,,N,,
8/11/2026,21-40-20,,San Luis,2,0,,,N,,
8/11/2026,22-40-20,,San Luis,2,0,,,N,,
8/11/2026,23-40-20,,San Luis,2,0,,,N,,
8/12/2026,00-45-20,wearySponge_2026-08-12T00-45-20-06-00,San Luis,2,0,"Diptera, Coleoptera",,Y,Y,
8/12/2026,01-01-23,wearySponge_2026-08-12T01-01-23-06-00,San Luis,3,need to check,,,N,,
8/12/2026,01-02-06,wearySponge_2026-08-12T01-02-06-06-00,San Luis,3,need to check,,,N,,
8/12/2026,01-03-06,wearySponge_2026-08-12T01-03-06-06-00,San Luis,2,need to check,,,N,,
8/12/2026,01-04-06,wearySponge_2026-08-12T01-04-06-06-00,San Luis,3,need to check,,,N,,
8/12/2026,01-05-06,wearySponge_2026-08-12T01-05-06-06-00,San Luis,3,need to check,,,N,,
8/12/2026,01-06-06,wearySponge_2026-08-12T01-06-06-06-00,San Luis,2,need to check,,,N,,
8/12/2026,01-07-06,wearySponge_2026-08-12T01-07-06-06-00,San Luis,2,need to check,,,N,,
8/12/2026,01-08-06,wearySponge_2026-08-12T01-08-06-06-00,San Luis,2,need to check,,,N,,
8/12/2026,01-09-06,wearySponge_2026-08-12T01-09-06-06-00,San Luis,2,need to check,,,N,,
8/12/2026,01-10-06,wearySponge_2026-08-12T01-10-06-06-00,San Luis,4,need to check,,,N,,
8/12/2026,01-11-06,wearySponge_2026-08-12T01-11-06-06-00,San Luis,3,need to check,,,N,,
8/12/2026,01-12-20,wearySponge_2026-08-12T01-12-20-06-00,San Luis,3,need to check,,,N,,
8/12/2026,01-13-06,wearySponge_2026-08-12T01-13-06-06-00,San Luis,2,need to check,,,N,,
8/12/2026,01-14-06,wearySponge_2026-08-12T01-14-06-06-00,San Luis,2,need to check,,,N,,
8/12/2026,01-15-06,wearySponge_2026-08-12T01-15-06-06-00,San Luis,2,need to check,,,N,,
8/12/2026,01-16-06,wearySponge_2026-08-12T01-16-06-06-00,San Luis,2,need to check,,,N,,
8/12/2026,01-17-06,wearySponge_2026-08-12T01-17-06-06-00,San Luis,2,need to check,,,N,,
8/12/2026,01-18-06,wearySponge_2026-08-12T01-18-06-06-00,San Luis,4,need to check,,,N,,
8/12/2026,01-19-06,wearySponge_2026-08-12T01-19-06-06-00,San Luis,3,need to check,,,N,,
8/12/2026,01-20-07,wearySponge_2026-08-12T01-20-07-06-00,San Luis,1,need to check,,,N,,
8/12/2026,01-21-06,wearySponge_2026-08-12T01-21-06-06-00,San Luis,2,need to check,,,N,,
8/12/2026,01-22-06,wearySponge_2026-08-12T01-22-06-06-00,San Luis,3,need to check,,,N,,
8/12/2026,01-23-20,wearySponge_2026-08-12T01-23-20-06-00,San Luis,3,need to check,,,N,,
8/12/2026,01-24-06,wearySponge_2026-08-12T01-24-06-06-00,San Luis,1,need to check,,,N,,
8/12/2026,01-25-06,wearySponge_2026-08-12T01-25-06-06-00,San Luis,2,need to check,,,N,,
8/12/2026,01-26-06,wearySponge_2026-08-12T01-26-06-06-00,San Luis,3,need to check,,,N,,
8/12/2026,01-27-06,wearySponge_2026-08-12T01-27-06-06-00,San Luis,2,need to check,,,N,,
8/12/2026,01-28-06,wearySponge_2026-08-12T01-28-06-06-00,San Luis,3,need to check,,,N,,
8/12/2026,01-29-06,wearySponge_2026-08-12T01-29-06-06-00,San Luis,3,need to check,,,N,,
8/12/2026,01-30-06,wearySponge_2026-08-12T01-30-06-06-00,San Luis,1,need to check,,,N,,
8/12/2026,01-31-06,wearySponge_2026-08-12T01-31-06-06-00,San Luis,1,need to check,,,N,,
8/12/2026,01-32-06,wearySponge_2026-08-12T01-32-06-06-00,San Luis,4,need to check,,,N,,
8/12/2026,01-33-06,wearySponge_2026-08-12T01-33-06-06-00,San Luis,3,need to check,,,N,,
8/12/2026,01-35-06,wearySponge_2026-08-12T01-35-06-06-00,San Luis,3,need to check,,,N,,
8/12/2026,01-36-06,wearySponge_2026-08-12T01-36-06-06-00,San Luis,3,need to check,,,N,,
8/12/2026,01-37-06,wearySponge_2026-08-12T01-37-06-06-00,San Luis,3,need to check,,,N,,
8/12/2026,01-38-06,wearySponge_2026-08-12T01-38-06-06-00,San Luis,3,need to check,,,N,,
8/12/2026,01-39-06,wearySponge_2026-08-12T01-39-06-06-00,San Luis,3,need to check,,,N,,
8/12/2026,01-40-06,wearySponge_2026-08-12T01-40-06-06-00,San Luis,1,need to check,,,N,,
8/12/2026,01-41-06,wearySponge_2026-08-12T01-41-06-06-00,San Luis,3,need to check,,,N,,
8/12/2026,01-42-06,wearySponge_2026-08-12T01-42-06-06-00,San Luis,3,need to check,,,N,,
8/12/2026,01-43-06,wearySponge_2026-08-12T01-43-06-06-00,San Luis,1,need to check,,,N,,
8/12/2026,01-44-06,wearySponge_2026-08-12T01-44-06-06-00,San Luis,1,need to check,,,N,,
8/12/2026,01-45-20,wearySponge_2026-08-12T01-45-20-06-00,San Luis,3,need to check,,,N,,
8/12/2026,03-45-20,wearySponge_2026-08-12T03-45-20-06-00,San Luis,8,0,Diptera,,Y,,
8/12/2026,21-14-06,wearySponge_2026-08-12T21-14-06-06-00,San Luis,1,1,,,N,,Claimed by Ruby
8/13/2026,00-45-20,wearySponge_2026-08-13T00-45-20-06-00,San Luis,4,0,Diptera,,Y,Y,
8/13/2026,02-15-05,wearySponge_2026-08-13T02-15-05-06-00,San Luis,2,0,Diptera,,N,Y,Data for 3 AM and beyond mis-uploaded and was lost.
8/14/2026,00-45-21,wearySponge_2026-08-14T00-45-21-06-00,San Luis,14,0,"Diptera, Coleoptera, Hymenoptera",,Y,Y,
8/14/2026,03-45-20,wearySponge_2026-08-14T03-45-20-06-00,San Luis,29,2,"Hemiptera, Hymenoptera, Diptera",Crambidae,Y,,
8/14/2026,04-26-06,,San Luis,need to check,1,,,N,,Claimed by Robbie
8/15/2026,00-45-20,wearySponge_2026-08-15T00-45-20-06-00,San Luis,2,0,"Diptera, Hymenoptera",,Y,Y,
8/15/2026,03-45-20,wearySponge_2026-08-15T03-45-20-06-00,San Luis,6,0,Diptera,,Y,Y,
8/15/2026,21-01-23,,San Luis,0,0,,,N,,
8/15/2026,21-02-06,,San Luis,0,0,,,N,,
8/15/2026,21-03-05,,San Luis,0,0,,,N,,
8/15/2026,21-04-06,,San Luis,0,0,,,N,,
8/15/2026,21-05-06,,San Luis,0,0,,,N,,
8/15/2026,21-06-06,,San Luis,0,0,,,N,,
8/15/2026,21-07-06,,San Luis,0,0,,,N,,
8/15/2026,21-08-06,,San Luis,1,0,Coleoptera,,N,,
8/15/2026,21-09-05,,San Luis,1,0,Coleoptera,,N,,
8/15/2026,21-10-06,,San Luis,0,0,,,N,,
8/15/2026,21-11-06,,San Luis,0,0,,,N,,
8/15/2026,21-12-20,,San Luis,0,0,,,N,,
8/15/2026,21-13-06,,San Luis,0,0,,,N,,
8/15/2026,21-14-06,,San Luis,0,0,,,N,,
8/15/2026,21-15-06,,San Luis,0,0,,,N,,claimed by becca i think
8/15/2026,21-16-06,,San Luis,1,1,,Geometridae,N,,
8/16/2026,00-01-23,wearySponge_2026-08-16T00-01-23-06-00,San Luis,0,,,,,,
8/16/2026,00-02-06,wearySponge_2026-08-16T00-02-06-06-00,San Luis,0,,,,,,
8/16/2026,00-03-06,wearySponge_2026-08-16T00-03-06-06-00,San Luis,0,,,,,,
8/16/2026,00-04-07,wearySponge_2026-08-16T00-04-07-06-00,San Luis,1,,,,Y,,
8/16/2026,00-05-06,wearySponge_2026-08-16T00-05-06-06-00,San Luis,0,,,,Y,,
8/16/2026,00-06-06,wearySponge_2026-08-16T00-06-06-06-00,San Luis,1,,,,Y,,
8/16/2026,00-07-06,wearySponge_2026-08-16T00-07-06-06-00,San Luis,1,,,,Y,,
8/16/2026,00-08-06,wearySponge_2026-08-16T00-08-06-06-00,San Luis,0,,,,Y,,
8/16/2026,00-09-06,wearySponge_2026-08-16T00-09-06-06-00,San Luis,0,,,,Y,,
8/16/2026,00-10-06,wearySponge_2026-08-16T00-10-06-06-00,San Luis,0,,,,Y,,
8/16/2026,00-11-06,wearySponge_2026-08-16T00-11-06-06-00,San Luis,0,,,,Y,,
8/16/2026,00-12-20,wearySponge_2026-08-16T00-12-20-06-00,San Luis,0,,,,Y,,
8/16/2026,00-13-05,wearySponge_2026-08-16T00-13-05-06-00,San Luis,0,,,,Y,,
8/16/2026,00-14-06,wearySponge_2026-08-16T00-14-06-06-00,San Luis,0,,,,Y,,
8/16/2026,00-16-06,wearySponge_2026-08-16T00-16-06-06-00,San Luis,0,,,,,,
8/16/2026,00-17-06,wearySponge_2026-08-16T00-17-06-06-00,San Luis,0,,,,,,
8/16/2026,00-18-06,wearySponge_2026-08-16T00-18-06-06-00,San Luis,1,need to check,,,,,
8/16/2026,00-19-06,wearySponge_2026-08-16T00-19-06-06-00,San Luis,0,,,,,,
8/16/2026,00-20-06,wearySponge_2026-08-16T00-20-06-06-00,San Luis,0,,,,,,
8/16/2026,00-21-06,wearySponge_2026-08-16T00-21-06-06-00,San Luis,1,need to check,,,,,
8/16/2026,00-22-06,wearySponge_2026-08-16T00-22-06-06-00,San Luis,0,,,,,,
8/16/2026,00-23-20,wearySponge_2026-08-16T00-23-20-06-00,San Luis,0,,,,,,
8/16/2026,00-24-06,wearySponge_2026-08-16T00-24-06-06-00,San Luis,0,,,,,,
8/16/2026,00-25-06,wearySponge_2026-08-16T00-25-06-06-00,San Luis,0,,,,,,
8/16/2026,00-26-06,wearySponge_2026-08-16T00-26-06-06-00,San Luis,0,,,,,,
8/16/2026,00-27-06,wearySponge_2026-08-16T00-27-06-06-00,San Luis,0,,,,,,
8/16/2026,00-28-06,wearySponge_2026-08-16T00-28-06-06-00,San Luis,0,,,,,,
8/16/2026,00-29-06,wearySponge_2026-08-16T00-29-06-06-00,San Luis,0,,,,,,
8/16/2026,00-30-06,wearySponge_2026-08-16T00-30-06-06-00,San Luis,0,,,,,,
8/16/2026,00-31-06,wearySponge_2026-08-16T00-31-06-06-00,San Luis,0,,,,,,
8/16/2026,00-32-06,wearySponge_2026-08-16T00-32-06-06-00,San Luis,1,need to check,,,,,
8/16/2026,00-33-06,wearySponge_2026-08-16T00-33-06-06-00,San Luis,0,,,,,,
8/16/2026,00-34-21,wearySponge_2026-08-16T00-34-21-06-00,San Luis,0,,,,,,
8/16/2026,00-35-06,wearySponge_2026-08-16T00-35-06-06-00,San Luis,0,,,,,,
8/16/2026,00-36-06,wearySponge_2026-08-16T00-36-06-06-00,San Luis,0,,,,,,
8/16/2026,00-37-06,wearySponge_2026-08-16T00-37-06-06-00,San Luis,1,need to check,,,,,
8/16/2026,00-38-06,wearySponge_2026-08-16T00-38-06-06-00,San Luis,2,need to check,,,,,
8/16/2026,00-39-05,wearySponge_2026-08-16T00-39-05-06-00,San Luis,1,need to check,,,,,
8/16/2026,00-40-06,wearySponge_2026-08-16T00-40-06-06-00,San Luis,1,need to check,,,,,
8/16/2026,00-41-06,wearySponge_2026-08-16T00-41-06-06-00,San Luis,0,,,,,,
8/16/2026,00-42-06,wearySponge_2026-08-16T00-42-06-06-00,San Luis,1,need to check,,,,,
8/16/2026,00-43-05,wearySponge_2026-08-16T00-43-05-06-00,San Luis,0,,,,,,
8/16/2026,00-44-06,wearySponge_2026-08-16T00-44-06-06-00,San Luis,1,need to check,,,,,
8/16/2026,00-45-20,wearySponge_2026-08-16T00-45-20-06-00,San Luis,0,0,,,Y,Y,
8/16/2026,03-45-21,wearySponge_2026-08-16T03-45-21-06-00,San Luis,5,0,"Diptera, Hymenoptera, Hemiptera",,Y,Y,
8/16/2026,21-01-23,,San Luis,2,need to check,,,N,,
8/16/2026,21-02-06,,San Luis,1,need to check,,,N,,
8/16/2026,21-03-06,,San Luis,0,0,,,N,,
8/16/2026,21-04-06,wearySponge_2026-08-16T21-04-06-06-00,San Luis,0,,,,,,
8/16/2026,21-05-05,,San Luis,1,need to check,,,N,,
8/16/2026,21-06-06,wearySponge_2026-08-16T21-06-06-06-00,San Luis,3,need to check,,,,,
8/16/2026,21-07-06,,San Luis,0,0,,,N,,
8/16/2026,21-08-06,,San Luis,0,0,,,N,,
8/16/2026,21-09-06,,San Luis,1,need to check,,,N,,
8/16/2026,21-10-06,,San Luis,2,need to check,,,N,,
8/16/2026,23-26-06,wearySponge_2026-08-16T23-26-06-06-00,San Luis,8,1,,,N,Y,Claimed by Ruby
8/16/2026,,,,,,,,,,
8/17/2026,00-01-22,wearySponge_2026-08-17T00-01-22-06-00,San Luis,1,need to check,,,Y,,"Mothbox target was getting dirty, so probably lots of false positives"
8/17/2026,00-02-06,wearySponge_2026-08-17T00-02-06-06-00,San Luis,4,need to check,,,Y,,
8/17/2026,00-03-06,wearySponge_2026-08-17T00-03-06-06-00,San Luis,5,need to check,,,Y,,
8/17/2026,00-04-06,wearySponge_2026-08-17T00-04-06-06-00,San Luis,4,need to check,,,Y,,
8/17/2026,00-05-06,wearySponge_2026-08-17T00-05-06-06-00,San Luis,2,need to check,,,Y,,
8/17/2026,00-06-06,wearySponge_2026-08-17T00-06-06-06-00,San Luis,6,need to check,,,Y,,
8/17/2026,00-07-06,wearySponge_2026-08-17T00-07-06-06-00,San Luis,2,need to check,,,Y,,
8/17/2026,00-08-06,wearySponge_2026-08-17T00-08-06-06-00,San Luis,5,need to check,,,Y,,
8/17/2026,00-09-06,wearySponge_2026-08-17T00-09-06-06-00,San Luis,4,need to check,,,Y,,
8/17/2026,00-10-06,wearySponge_2026-08-17T00-10-06-06-00,San Luis,4,need to check,,,Y,,
8/17/2026,00-11-06,wearySponge_2026-08-17T00-11-06-06-00,San Luis,7,need to check,,,Y,,
8/17/2026,00-12-20,wearySponge_2026-08-17T00-12-20-06-00,San Luis,7,need to check,,,Y,,
8/17/2026,00-13-06,wearySponge_2026-08-17T00-13-06-06-00,San Luis,5,need to check,,,Y,,
8/17/2026,00-14-06,wearySponge_2026-08-17T00-14-06-06-00,San Luis,3,0,"Diptera, Hymenoptera",,Y,,
8/17/2026,00-15-06,wearySponge_2026-08-17T00-15-06-06-00,San Luis,7,0,"Diptera, Coleoptera",,Y,,
8/17/2026,00-45-20,wearySponge_2026-08-17T00-45-20-06-00,San Luis,10,1,"Coleoptera, Hemiptera, Diptera",Geometridae (?),,,
8/17/2026,03-01-23,,San Luis,2,need to check,,,Y,,
8/17/2026,03-02-06,wearySponge_2026-08-17T03-02-06-06-00,San Luis,2,need to check,,,Y,,
8/17/2026,03-03-06,,San Luis,3,need to check,,,Y,,
8/17/2026,03-04-06,,San Luis,5,need to check,,,Y,,
8/17/2026,03-05-06,,San Luis,4,need to check,,,Y,,
8/17/2026,03-06-06,,San Luis,7,need to check,,,Y,,
8/17/2026,03-07-06,,San Luis,2,need to check,,,Y,,
8/17/2026,03-08-06,,San Luis,7,need to check,,,Y,,
8/17/2026,03-09-06,wearySponge_2026-08-17T03-09-06-06-00,San Luis,6,need to check,,,Y,,
8/17/2026,03-10-06,wearySponge_2026-08-17T03-10-06-06-00,San Luis,5,need to check,,,Y,,
8/17/2026,03-11-06,wearySponge_2026-08-17T03-11-06-06-00,San Luis,7,need to check,,,Y,,
8/17/2026,03-12-20,wearySponge_2026-08-17T03-12-20-06-00,San Luis,7,need to check,,,Y,,
8/17/2026,03-13-06,wearySponge_2026-08-17T03-13-06-06-00,San Luis,5,need to check,,,Y,,
8/17/2026,03-14-06,wearySponge_2026-08-17T03-14-06-06-00,San Luis,5,need to check,,,Y,,
8/17/2026,03-15-06,wearySponge_2026-08-17T03-15-06-06-00,San Luis,6,need to check,,,Y,,
8/17/2026,03-16-06,wearySponge_2026-08-17T03-16-06-06-00,San Luis,5,need to check,,,Y,,
8/17/2026,03-17-06,wearySponge_2026-08-17T03-17-06-06-00,San Luis,9,need to check,,,Y,,
8/17/2026,03-18-06,wearySponge_2026-08-17T03-18-06-06-00,San Luis,7,need to check,,,Y,,
8/17/2026,03-19-06,wearySponge_2026-08-17T03-19-06-06-00,San Luis,12,2,"Hymenoptera, Coleoptera, Diptera, Hemiptera","Crambidae, Unknown",Y,,Moth in top middle claimed by Mark
8/17/2026,03-20-06,wearySponge_2026-08-17T03-20-06-06-00,San Luis,7,2,"Diptera, Hemiptera","Crambidae, Unknown",Y,,
8/17/2026,03-21-06,wearySponge_2026-08-17T03-21-06-06-00,San Luis,9,need to check,,,Y,,
8/17/2026,03-22-06,wearySponge_2026-08-17T03-22-06-06-00,San Luis,7,need to check,,,Y,,
8/17/2026,03-23-21,wearySponge_2026-08-17T03-23-21-06-00,San Luis,3,1,Diptera,Unknown,Y,,
8/17/2026,03-24-06,wearySponge_2026-08-17T03-24-06-06-00,San Luis,6,0,"Hemiptera, Diptera",,Y,,
8/17/2026,03-45-20,,San Luis,7,0,"Diptera, Coleoptera, Hemiptera",,Y,Y,
8/17/2026,20-06-00,,San Luis,1,1,,,N,Y,Claimed by Ruby
8/18/2026,00-01-24,wearySponge_2026-08-18T00-01-24-06-00,San Luis,4,2,Coleoptera,"Geometridae, Unknown (see iNat)",Y,,Leftmost in the diagonal in the right bottom (the skinny one) claimed by Mark
8/18/2026,00-02-06,wearySponge_2026-08-18T00-02-06-06-00,San Luis,4,2,Coleoptera,"Geometridae, Unknown (see iNat)",Y,,
8/18/2026,00-03-06,wearySponge_2026-08-18T00-03-06-06-00,San Luis,5,need to check,,,Y,,
8/18/2026,00-04-06,wearySponge_2026-08-18T00-04-06-06-00,San Luis,4,need to check,,,Y,,
8/18/2026,00-05-06,wearySponge_2026-08-18T00-05-06-06-00,San Luis,2,need to check,,,Y,,
8/18/2026,00-06-06,wearySponge_2026-08-18T00-06-06-06-00,San Luis,6,need to check,,,Y,,
8/18/2026,00-07-06,wearySponge_2026-08-18T00-07-06-06-00,San Luis,2,need to check,,,Y,,
8/18/2026,00-08-06,wearySponge_2026-08-18T00-08-06-06-00,San Luis,5,need to check,,,Y,,
8/18/2026,00-09-06,wearySponge_2026-08-18T00-09-06-06-00,San Luis,4,need to check,,,Y,,
8/18/2026,00-10-06,wearySponge_2026-08-18T00-10-06-06-00,San Luis,4,need to check,,,Y,,
8/18/2026,00-11-06,wearySponge_2026-08-18T00-11-06-06-00,San Luis,7,need to check,,,Y,,
8/18/2026,00-12-20,wearySponge_2026-08-18T00-12-20-06-00,San Luis,7,need to check,,,Y,,
8/18/2026,00-13-06,wearySponge_2026-08-18T00-13-06-06-00,San Luis,5,need to check,,,Y,,
8/18/2026,00-14-06,wearySponge_2026-08-18T00-14-06-06-00,San Luis,3,need to check,,,Y,,
8/18/2026,00-15-06,wearySponge_2026-08-18T00-15-06-06-00,San Luis,7,need to check,,,Y,,
8/18/2026,00-45-20,wearySponge_2026-08-18T00-45-20-06-00,San Luis,5,0,"Diptera, Hymenoptera",,,,
8/18/2026,03-01-23,wearySponge_2026-08-18T03-01-23-06-00,San Luis,2,1,Hymenoptera,Crambidae,Y,,
8/18/2026,03-01-24,wearySponge_2026-08-18T03-01-24-06-00,San Luis,2,need to check,,,,,
8/18/2026,03-02-06,wearySponge_2026-08-18T03-02-06-06-00,San Luis,2,1,Hymenoptera,Crambidae,Y,,
8/18/2026,03-03-06,wearySponge_2026-08-18T03-03-06-06-00,San Luis,3,need to check,,,Y,,
8/18/2026,03-04-06,wearySponge_2026-08-18T03-04-06-06-00,San Luis,5,need to check,,,Y,,
8/18/2026,03-05-06,wearySponge_2026-08-18T03-05-06-06-00,San Luis,4,need to check,,,Y,,
8/18/2026,03-06-06,wearySponge_2026-08-18T03-06-06-06-00,San Luis,7,need to check,,,Y,,
8/18/2026,03-07-06,wearySponge_2026-08-18T03-07-06-06-00,San Luis,2,need to check,,,Y,,
8/18/2026,03-08-06,wearySponge_2026-08-18T03-08-06-06-00,San Luis,7,need to check,,,Y,,
8/18/2026,03-09-06,wearySponge_2026-08-18T03-09-06-06-00,San Luis,6,need to check,,,Y,,
8/18/2026,03-10-06,wearySponge_2026-08-18T03-10-06-06-00,San Luis,5,need to check,,,Y,,
8/18/2026,03-11-06,wearySponge_2026-08-18T03-11-06-06-00,San Luis,7,need to check,,,Y,,
8/18/2026,03-12-20,wearySponge_2026-08-18T03-12-20-06-00,San Luis,7,need to check,,,Y,,
8/18/2026,03-13-06,wearySponge_2026-08-18T03-13-06-06-00,San Luis,5,need to check,,,Y,,
8/18/2026,03-14-06,wearySponge_2026-08-18T03-14-06-06-00,San Luis,5,need to check,,,Y,,
8/18/2026,03-15-06,wearySponge_2026-08-18T03-15-06-06-00,San Luis,6,need to check,,,Y,,
8/18/2026,03-16-06,wearySponge_2026-08-18T03-16-06-06-00,San Luis,5,need to check,,,Y,,
8/18/2026,03-17-06,wearySponge_2026-08-18T03-17-06-06-00,San Luis,9,need to check,,,Y,,
8/18/2026,03-18-06,wearySponge_2026-08-18T03-18-06-06-00,San Luis,7,need to check,,,Y,,
8/18/2026,03-19-06,wearySponge_2026-08-18T03-19-06-06-00,San Luis,14,need to check,,,Y,,
8/18/2026,03-20-06,wearySponge_2026-08-18T03-20-06-06-00,San Luis,7,need to check,,,Y,,
8/18/2026,03-21-06,wearySponge_2026-08-18T03-21-06-06-00,San Luis,9,need to check,,,Y,,
8/18/2026,03-22-06,wearySponge_2026-08-18T03-22-06-06-00,San Luis,7,need to check,,,Y,,
8/18/2026,03-23-21,wearySponge_2026-08-18T03-23-21-06-00,San Luis,3,need to check,,,Y,,
8/18/2026,03-24-06,wearySponge_2026-08-18T03-24-06-06-00,San Luis,6,need to check,,,Y,,
8/18/2026,03-45-20,wearySponge_2026-08-18T03-45-20-06-00,San Luis,3,1,"Diptera, Hymenoptera",Crambidae,Y,Y,Not including the unidentifiable moth hiding in the corner
8/18/2026,23-24-06,wearySponge_2026-08-18T23-24-06-06-00,San Luis,2,1,,,N,,moth at center left claimed by helix
8/19/2026,00-01-23,wearySponge_2026-08-19T00-01-23-06-00,San Luis,6,0,"Orthoptera, Diptera",,Y,,
8/19/2026,00-02-06,wearySponge_2026-08-19T00-02-06-06-00,San Luis,6,1,,Crambidae,Y,,
8/19/2026,00-03-06,wearySponge_2026-08-19T00-03-06-06-00,San Luis,4,1,Diptera,Crambidae,Y,,
8/19/2026,00-04-06,wearySponge_2026-08-19T00-04-06-06-00,San Luis,3,1,Diptera,Crambidae,Y,,
8/19/2026,00-05-06,wearySponge_2026-08-19T00-05-06-06-00,San Luis,3,1,Diptera,Crambidae,Y,,
8/19/2026,00-06-06,wearySponge_2026-08-19T00-06-06-06-00,San Luis,3,1,Diptera,Crambidae,Y,,
8/19/2026,00-07-05,wearySponge_2026-08-19T00-07-05-06-00,San Luis,3,1,Diptera,Crambidae,Y,,
8/19/2026,00-08-06,wearySponge_2026-08-19T00-08-06-06-00,San Luis,4,1,Diptera,Crambidae,Y,,
8/19/2026,00-09-06,wearySponge_2026-08-19T00-09-06-06-00,San Luis,2,0,Diptera,,Y,,
8/19/2026,00-10-06,wearySponge_2026-08-19T00-10-06-06-00,San Luis,2,0,Diptera,,Y,,
8/19/2026,00-11-06,wearySponge_2026-08-19T00-11-06-06-00,San Luis,2,0,Diptera,,Y,,
8/19/2026,00-12-20,wearySponge_2026-08-19T00-12-20-06-00,San Luis,2,0,Diptera,,Y,,
8/19/2026,00-13-06,wearySponge_2026-08-19T00-13-06-06-00,San Luis,3,0,Diptera,,Y,,
8/19/2026,00-14-06,wearySponge_2026-08-19T00-14-06-06-00,San Luis,3,0,Diptera,,Y,,
8/19/2026,00-15-06,wearySponge_2026-08-19T00-15-06-06-00,San Luis,3,0,Diptera,,Y,,
8/19/2026,00-16-06,wearySponge_2026-08-19T00-16-06-06-00,San Luis,3,0,"Diptera (2), Coleoptera (1)",,Y,,
8/19/2026,00-17-06,wearySponge_2026-08-19T00-17-06-06-00,San Luis,4,need to check,,,Y,,
8/19/2026,00-18-06,wearySponge_2026-08-19T00-18-06-06-00,San Luis,5,need to check,,,Y,,
8/19/2026,00-19-05,wearySponge_2026-08-19T00-19-05-06-00,San Luis,4,need to check,,,Y,,
8/19/2026,00-20-06,wearySponge_2026-08-19T00-20-06-06-00,San Luis,4,need to check,,,Y,,
8/19/2026,00-21-06,wearySponge_2026-08-19T00-21-06-06-00,San Luis,3,need to check,,,Y,,
8/19/2026,00-22-06,wearySponge_2026-08-19T00-22-06-06-00,San Luis,3,need to check,,,Y,,
8/19/2026,00-23-20,wearySponge_2026-08-19T00-23-20-06-00,San Luis,6,need to check,,,Y,,
8/19/2026,00-24-06,wearySponge_2026-08-19T00-24-06-06-00,San Luis,5,need to check,,,Y,,
8/19/2026,00-25-06,wearySponge_2026-08-19T00-25-06-06-00,San Luis,6,need to check,,,Y,,
8/19/2026,00-26-06,wearySponge_2026-08-19T00-26-06-06-00,San Luis,7,need to check,,,,,
8/19/2026,00-27-06,wearySponge_2026-08-19T00-27-06-06-00,San Luis,5,need to check,,,,,
8/19/2026,00-28-06,wearySponge_2026-08-19T00-28-06-06-00,San Luis,4,need to check,,,,,
8/19/2026,00-29-05,wearySponge_2026-08-19T00-29-05-06-00,San Luis,4,need to check,,,,,
8/19/2026,00-30-06,wearySponge_2026-08-19T00-30-06-06-00,San Luis,6,need to check,,,,,
8/19/2026,00-31-06,wearySponge_2026-08-19T00-31-06-06-00,San Luis,7,need to check,,,,,
8/19/2026,00-32-06,wearySponge_2026-08-19T00-32-06-06-00,San Luis,4,need to check,,,,,
8/19/2026,00-33-05,wearySponge_2026-08-19T00-33-05-06-00,San Luis,6,need to check,,,,,
8/19/2026,00-34-20,wearySponge_2026-08-19T00-34-20-06-00,San Luis,4,need to check,,,,,
8/19/2026,00-35-06,wearySponge_2026-08-19T00-35-06-06-00,San Luis,3,need to check,,,,,
8/19/2026,00-36-06,wearySponge_2026-08-19T00-36-06-06-00,San Luis,4,need to check,,,,,
8/19/2026,00-37-06,wearySponge_2026-08-19T00-37-06-06-00,San Luis,4,need to check,,,,,
8/19/2026,00-38-06,wearySponge_2026-08-19T00-38-06-06-00,San Luis,7,need to check,,,,,
8/19/2026,00-39-06,wearySponge_2026-08-19T00-39-06-06-00,San Luis,8,need to check,,,,,
8/19/2026,00-40-06,wearySponge_2026-08-19T00-40-06-06-00,San Luis,6,need to check,,,,,
8/19/2026,00-41-06,wearySponge_2026-08-19T00-41-06-06-00,San Luis,5,need to check,,,,,
8/19/2026,00-42-06,wearySponge_2026-08-19T00-42-06-06-00,San Luis,3,need to check,,,,,
8/19/2026,00-43-06,wearySponge_2026-08-19T00-43-06-06-00,San Luis,4,need to check,,,,,
8/19/2026,00-44-06,wearySponge_2026-08-19T00-44-06-06-00,San Luis,2,need to check,,,,,
8/19/2026,00-45-20,wearySponge_2026-08-19T00-45-20-06-00,San Luis,3,0,Diptera,,Y,Y,
8/19/2026,03-01-23,wearySponge_2026-08-19T03-01-23-06-00,San Luis,3,1,"Diptera, Orthoptera",Erebidae,Y,Y,
8/19/2026,03-02-06,wearySponge_2026-08-19T03-02-06-06-00,San Luis,2,2,,"Crambidae, Erebidae",Y,,
8/19/2026,03-03-06,wearySponge_2026-08-19T03-03-06-06-00,San Luis,1,1,,Erebidae,Y,,
8/19/2026,03-04-06,wearySponge_2026-08-19T03-04-06-06-00,San Luis,2,need to check,,,,,
8/19/2026,03-05-05,wearySponge_2026-08-19T03-05-05-06-00,San Luis,4,need to check,,,,,
8/19/2026,03-06-06,wearySponge_2026-08-19T03-06-06-06-00,San Luis,5,need to check,,,,,
8/19/2026,03-07-06,wearySponge_2026-08-19T03-07-06-06-00,San Luis,3,need to check,,,,,
8/19/2026,03-08-06,wearySponge_2026-08-19T03-08-06-06-00,San Luis,5,need to check,,,,,
8/19/2026,03-09-06,wearySponge_2026-08-19T03-09-06-06-00,San Luis,5,need to check,,,,,
8/19/2026,03-10-06,wearySponge_2026-08-19T03-10-06-06-00,San Luis,5,need to check,,,,,
8/19/2026,03-11-06,wearySponge_2026-08-19T03-11-06-06-00,San Luis,5,need to check,,,,,
8/19/2026,03-12-20,wearySponge_2026-08-19T03-12-20-06-00,San Luis,4,need to check,,,,,
8/19/2026,03-13-06,wearySponge_2026-08-19T03-13-06-06-00,San Luis,3,need to check,,,,,
8/19/2026,03-14-06,wearySponge_2026-08-19T03-14-06-06-00,San Luis,4,need to check,,,,,
8/19/2026,03-15-06,wearySponge_2026-08-19T03-15-06-06-00,San Luis,3,need to check,,,,,
8/19/2026,03-16-06,wearySponge_2026-08-19T03-16-06-06-00,San Luis,4,need to check,,,,,
8/19/2026,03-17-06,wearySponge_2026-08-19T03-17-06-06-00,San Luis,3,need to check,,,,,
8/19/2026,03-18-06,wearySponge_2026-08-19T03-18-06-06-00,San Luis,4,need to check,,,,,
8/19/2026,03-19-06,wearySponge_2026-08-19T03-19-06-06-00,San Luis,5,need to check,,,,,
8/19/2026,03-20-06,wearySponge_2026-08-19T03-20-06-06-00,San Luis,3,need to check,,,,,
8/19/2026,03-21-06,wearySponge_2026-08-19T03-21-06-06-00,San Luis,2,need to check,,,,,
8/19/2026,03-22-06,wearySponge_2026-08-19T03-22-06-06-00,San Luis,4,need to check,,,,,
8/19/2026,03-23-19,wearySponge_2026-08-19T03-23-19-06-00,San Luis,5,need to check,,,,,
8/19/2026,03-24-06,wearySponge_2026-08-19T03-24-06-06-00,San Luis,5,need to check,,,,,
8/19/2026,03-45-20,wearySponge_2026-08-19T03-45-20-06-00,San Luis,8,2,Diptera,"Depressariidae, Crambidae",Y,Y,
8/19/2026,04-37-06,wearySponge_2026-08-19T04-37-06-06-00,San Luis,7,4,"Diptera, Hymenoptera","Erebidae, Notodontidae, Crambidae",N,Y,Claimed by Riel
8/19/2026,21-00-20,,San Luis,,,,,N,,Machine not turned on; data missing for this night
8/21/2026,00-45-20,wearySponge_2026-08-21T00-45-20-06-00,San Luis,6,1,Diptera,Unknown,Y,Y,Pixilated moth
8/21/2026,03-45-20,wearySponge_2026-08-21T03-45-20-06-00,San Luis,7,1,Diptera,Geometridae,Y,Y,
8/24/2026,00-45-20,wearySponge_2026-08-24T00-45-20-06-00,Cuajiniquil,3,1,"Coleoptera, Hemitera",Geometridae,Y,Y,
8/24/2026,03-45-20,wearySponge_2026-08-24T03-45-20-06-00,Cuajiniquil,3,0,"Diptera, Coleoptera, Hymenoptera",,Y,Y,
8/25/2026,00-45-20,wearySponge_2026-08-25T00-45-20-06-00,Cuajiniquil,7,1,"Diptera (3), Hymenoptera (1), Coleoptera (1), Hemiptera? (1)",Unknown,Y,,Sideways moth unidentifiable
8/25/2026,03-45-20,wearySponge_2026-08-25T03-45-20-06-00,Cuajiniquil,6,0,"Hemiptera (1), Hymenoptera (1), Diptera (4)",,Y,Y,08/16/2026,00-15-06,wearySponge_2026-08-16T00-15-06-06-00,,0,,,,
08/19/2026,03-25-06,wearySponge_2026-08-19T03-25-06-06-00,,7,,,,
08/19/2026,03-26-06,wearySponge_2026-08-19T03-26-06-06-00,,6,,,,
08/19/2026,03-27-06,wearySponge_2026-08-19T03-27-06-06-00,,5,,,,
08/21/2026,00-01-23,wearySponge_2026-08-21T00-01-23-06-00,,0,,,,
08/21/2026,00-02-06,wearySponge_2026-08-21T00-02-06-06-00,,0,,,,
08/21/2026,00-03-06,wearySponge_2026-08-21T00-03-06-06-00,,0,,,,
08/21/2026,00-04-06,wearySponge_2026-08-21T00-04-06-06-00,,0,,,,
08/21/2026,00-05-06,wearySponge_2026-08-21T00-05-06-06-00,,1,,,,
08/21/2026,00-06-06,wearySponge_2026-08-21T00-06-06-06-00,,3,,,,
08/21/2026,00-07-06,wearySponge_2026-08-21T00-07-06-06-00,,6,,,,
08/21/2026,00-08-06,wearySponge_2026-08-21T00-08-06-06-00,,0,,,,
08/21/2026,00-09-06,wearySponge_2026-08-21T00-09-06-06-00,,2,,,,
08/21/2026,00-10-06,wearySponge_2026-08-21T00-10-06-06-00,,3,,,,
08/21/2026,00-11-05,wearySponge_2026-08-21T00-11-05-06-00,,1,,,,
08/21/2026,00-12-20,wearySponge_2026-08-21T00-12-20-06-00,,1,,,,
08/21/2026,00-13-06,wearySponge_2026-08-21T00-13-06-06-00,,1,,,,
08/21/2026,00-14-06,wearySponge_2026-08-21T00-14-06-06-00,,1,,,,
08/21/2026,00-15-06,wearySponge_2026-08-21T00-15-06-06-00,,2,,,,
08/21/2026,00-16-06,wearySponge_2026-08-21T00-16-06-06-00,,2,,,,
08/21/2026,00-17-05,wearySponge_2026-08-21T00-17-05-06-00,,1,,,,
08/21/2026,00-18-06,wearySponge_2026-08-21T00-18-06-06-00,,1,,,,
08/21/2026,00-19-06,wearySponge_2026-08-21T00-19-06-06-00,,2,,,,
08/21/2026,00-20-06,wearySponge_2026-08-21T00-20-06-06-00,,2,,,,
08/21/2026,00-21-06,wearySponge_2026-08-21T00-21-06-06-00,,1,,,,
08/21/2026,00-22-06,wearySponge_2026-08-21T00-22-06-06-00,,1,,,,
08/21/2026,00-23-20,wearySponge_2026-08-21T00-23-20-06-00,,4,,,,
08/21/2026,00-24-06,wearySponge_2026-08-21T00-24-06-06-00,,4,,,,
08/21/2026,00-25-06,wearySponge_2026-08-21T00-25-06-06-00,,0,,,,
08/21/2026,00-26-06,wearySponge_2026-08-21T00-26-06-06-00,,3,,,,
08/21/2026,00-27-06,wearySponge_2026-08-21T00-27-06-06-00,,6,,,,
08/21/2026,00-28-06,wearySponge_2026-08-21T00-28-06-06-00,,4,,,,
08/21/2026,00-29-06,wearySponge_2026-08-21T00-29-06-06-00,,4,,,,
08/21/2026,00-30-06,wearySponge_2026-08-21T00-30-06-06-00,,4,,,,
08/21/2026,00-31-06,wearySponge_2026-08-21T00-31-06-06-00,,4,,,,
